"Target String","URL Safe String","User","Hub","Website","Folder Name"
".com",".com","Paul Fahey","Fahey Wealth Management Group","us.rbcwealthmanagement.com/web/faheywealthmanagementgroup","DannieMelissaWit_abeillephotography.com_-35.jpg"
".com",".com","","","","1581449179638DannieMelissaWit_abeillephotography.com_-35.jpg"
".com",".com","","","","1581450237413DannieMelissaWit_abeillephotography.com_-35.jpg"
".com",".com","","","","1581450289041DannieMelissaWit_abeillephotography.com_-35.jpg"
".com",".com","","","","1581450615247DannieMelissaWit_abeillephotography.com_-27.jpg"
".com",".com","","","","1581454223477DannieMelissaWit_abeillephotography.com_-35.jpg"
".com",".com","","","","1581454398771DannieMelissaWit_abeillephotography.com_-28.jpg"
".com",".com","Paul Fahey","Fahey Wealth Management Group","us.rbcwealthmanagement.com/web/faheywealthmanagementgroup","DannieMelissaWit_abeillephotography.com_-35.jpg"
".com",".com","","","","1581457834918DannieMelissaWit_abeillephotography.com_-23.jpg"
".com",".com","","","","1581458003567DannieMelissaWit_abeillephotography.com_-23.jpg"
".com",".com","","","","1581458107389DannieMelissaWit_abeillephotography.com_-23.jpg"
".com",".com","Eden Lopez","The LSS Group","us.rbcwealthmanagement.com/web/lssgroup","Artist Action_ Breland, Ashley McBryde, Colt Ford - MusicRow.com.pdf"
